RemakeID,OrigID
AA13,LuB20
AA13,HH15
AAl20,VM9
AbF10,MiW22
AbF27,PK5
ABo10,CDM80
AC20,Z2110
ACy10,GC15
AdL20,StK6
ADv15,IMT10
ADv22,H50
ADT18,C91
ADx35,WA9
ADx39,JLo27
ADx45,JJA10
ADx45,ACv10
ADw40,MaN30
ADw45,RVL14
ADw75,CBa30
AEG25,CDM7
AEG70,AEG60
AG40,AG20
AG50,AG10
AgH15,FWx20
AgH19,WW64
AII1,GSy11
AHa10,PeG5
AK59,AC5
AKe5,PM12
AKe5,TGi28
AKe5,JaB2
AKe5,PWr12
AKe5,MBr19
AKj14,ACj120
AkK16,OW6
AkK20,StH5
AkK28,PeB6
AL13,C89
AL20,MC5
AL27,RWi1
AL27,C127
AlH38,LMC15
ALi15,AmH10
AM35,C127
AM36,AlH24
AMa29,WaF48
AMg10,FM3
AnM35,WR40
AnP8,H31
AnQ10,CDM68
APl10,JAn1
ARa10,NML26
ArH236,RdR70
ArL29,WaF10
ArL36,RuJ3
ArP5,JHL12
ARw12,FF6
ASa31,MaN40
ASa34,MaN30
AVo10,NoL20
AyM10,GeK5
AyM15,RM3
AyW11,ILa34
BaD28,OW7
BaD39,H56
BaL1,ChW3
BaP10,IH14
BB8,LuV20
BBe1,RdR10
BBz10,WD103
BCl1,NoL45
BCl4,H9
BDC8,RS2
BDn7,AdB21
BdP10,TFi20
BdP10,RW1
BdP10,WlD36
BdP10,H73
BdP10,ALe2
BdP11,H65
BdP14,H73
BdP17,H65
BdP17,H51
BdP21,SE4
BdP25,MP35
BdP25,H73
BdP25,TYg25
BdP26,RaW59
BdP30,JD17
BE7,HCs4
BE20,H52
BE34,RhS20
BE45,VM28
BF5,FF6
BF6,HCs4
BF6,BE7
BF9,CBe10
BFo13,WlJ12
BiA10,LM32
BsK55,DWG52
BLw10,ChC30
BoS75,UbR10
BPr10,JuD16
BRf20,TG30
BSc28,InB27
BSc28,AdL10
BSe10,H50
BSp10,RoS92
BTh13,RiF25
BVi12,DWG27
BW8,W73
ByH8,VF36
C91,C87
C112,ADw17
C117,C113
C118,LMe10
C127,HAA10
C131,C127
C143,HH27
C146,FB27
C157,AC8
C165,FLl89
C171,RTh6
CAL50,RVL10
CaR5,OW1
CaR5,CBm10
CaR20,IH1
CaR20,ElN15
CaR20,HH28
CaR20,KV40
CaR31,H53
CaR35,AdL10
CaR35,PVh20
CaR35,Jas44
CBu8,H43
CBu10,H51
CBw29,MAr10
CC77,RC10
CC79,CC73
CCG15,RMq10
CCr12,BdP14
CD28,MP4
CDM32,CDM4
CDM55,CDM4
CDM80,CDM45
CDr10,JC1
CDr9,CDM22
CEa40,GSt17
CEa42,H52
CFr10,JC9
CGl50,ElR10
CGl90,NOx20
CGl115,ChV26
CH5,CDM59
CH5,GPa2.
CHa20,AdL10
ChG10,NJu9
ChJ20,MhR1
ChJ36,WlD20
ChS20,VM9
ChS24,GC30
ChV8,MPa3
ChV26,RaW20
ChV26,ChV20
ChV46,FB27
ChW2,NGr10
ChW12,GC21
ChW22,JN19
ChW25,GSt13
CJ4,FC27
CJ4,RWi31
ClL25,LM32
CMF1,RM8
CNo1,H48
CoB3,BVi12
CoB6,RoS6
CPR10,C112
CrR10,H27
CSr10,CDM15
CuB37,EL61
CuB39,LM11
CuB40,HB40
CyE30,LuH10
CyE40,PeB4
DaB28,HWx21
DaB30,RdR10
DaB33,AMa29
DaG3,CAL50
DaG6,RWB20
DaM30,NF16
DAz23,JR5
DBd10,WW46
DBo10,StK9
DBo12,FC25
DBr10,WKH14
DBu10,JKf10
DBy10,AtR10
DCh15,HRo5
DCr20,KuN14
DCr22,PW1
DeD65,IH14
DiD10,DGz10
DkP3,FC25
DL5,StW9
DL10,ThB55
DLR3,MLR43
DLR5,SW13
DLy8,VM8
DM101,H31
DMa10,FC24
DMa10,HAs3
DME10,MRt7
DME10,BLv10
DME10,Z9010
DME10,PAR10
DMi25,GC19
DMi32,RoS13
DoH10,W77
DoS16,RaT26
DRa10,GAv10
DRa10,UNS
DRa10,UNS
DRa10,UNS
DRa10,UNS
DRa10,UNS
DRa10,UNS
DRa10,UNS
DRa10,UNS
DRa10,UNS
DPa10,PtF10
DRi10,EDm22
DS6,MiG3
DS13,Wi3
DS20,RSi20
DSk49,JMS30
DSk50,DL4
DSk50,ESl10
DSk59,JMS25
DTa211,EaK8
DuW10,MZa5
DvJ6,OW10
DWG40,DWG10
DZo10,SS24
EAB10,AMa18
EaK10,EG11
EBS90,EBS50
EBz46,JWR13
EBz50,JCw62
ECa62,CDM9
EdC10,GM200
EDm20,KuN4
EDm20,KuN4
EDm22,EuF57
EDm25,WW63
EDm35,JLM8
EDm40,VF44
EDm43,S9
EG16,HH9
EG20,TG8
EG23,BDn7
EG25,ICr19
EG28,GrR7
EGC10,AII1
EJL10,UN
EL21,CDM15
EL53,SiO30
EL56,EL42
EL61,EvS6
EL63,EL37
ElN8,PlL2
ElR10,LMi1
ELu19,ICr4
EMo17,TB55
EMt10,WFr36
ESc10,RbR10
ETG12,RW30
EuL20,EuL10
EuL30,EuL20
EWS4,IBa10
EZw4,RS15
FB40,AC9
FBr50,FeF12
FBr60,UN
FBr60,FBr50
FC23,S13
FC35,FC22
FCo10,ArL36
FDL10,CBm10
FeF85,GeS17
FF1,CLB20
FF4,JW2
FF6,FF2
FF6,PFo10
FF50,FF7
FFC1,WiC55
FFC2,FFC1
FFC26,FM3
FFC26,WW45
FFC26,RoV5
FFC26,TFi15
FiC11,GS3
FJS18,H34
FL8,UN
FLl7,CPa50
FL29,JR20
FL40,JR65
FLg10,WW66
FLg10,RD4
FLg10,GRo1
FLl40,BHd10
FLl75,TB15
FLl89,AC6
FM6,NOx20
FMD10,GM210
FMe10,GMf60
FrC1,FC28
FrF35,WR60
Fro28,JLM17
Fro28,CDM59
FrP2,GC39
FrR1,CDM15
FrT13,GC33
FrT20,PS7
FrT22,LMC18
FrT23,WlJ14
FT4,EL60
FT15,JR70
FTu40,ElN5
FTu60,VSh23
FTu20,CDM56
FZe1,GSy13
FZe2,GC15
FZe15,LOl2
GAd5,FF6
GAd5,TRs12
GAd5,CD8
GaK5,BVi12
GaK6,Z1120
GAr80,WR72
GaT10,JC6
GaT18,WlD36
GBl10,IrP1
GBo10,RoR1
GBW10,SiH20
GC6,EL42
GC17,EHG15
GC22,GvM12
GC26,ThD30
GC39,W13
GC47,GaK5
GC48,AA13
GC52,WLa19
GC54,VSh10
GDo18,ELM22
GDo23,C112
GeM2,PBa3
GDo74,IF86
GDo81,TYg18
GeK10,GBW10
GgL2,PBo3
GeE10,UN
GeQ10,RD19
GeS27,WW63
GeS29,GBS92
GeW3,FF2
GeW5,JLD10
GFj15,GWg16
GFj20,IH14
GFj20,StK3
GGC10,LMC23
GgL3,AkK14
GGM10,SL22
GiA30,JR25
GiA32,GC12
GJu1,GSy13
GKe8,JAn2
GLC9,WDM5
GlJ10,JW2
GM190,RZL20
GM200,LwS90
GM210,AEG25
GM210,ElN8
GM224,EL53
GM230,LMC12
GM238,FMD10
GM238,GM210
GM300,GM200
GM305,H53
GMf60,TB55
GMf70,UN
GMu15,GMu15
GMy35,SW6
GNj1,WDT27
GoG10,H9
GoH53,RFl20
GoP12,RoS11
GPa2,CDM59
GRH8,GRH6
GRH10,RoA64
GRo1,HHH1
GRo1,UbR10
GRo30,GRo1
GrR1,AC20
GrR3,GvM10
GS6,AlH24
GSc10,LMe10
GSi10,LM17
GSl10,CDr10
GSl12,GSl10
GSn10,IGB10
GSt8,LM10
GSt15,S12
GSy7,ADw45
GSy10,JW11
GSy11,RxI20
GSy13,SaT15
GSy40,CR12
GTh26,TYg17
GTh28,JLM17
GTh36,DL13
GTh37,HY1
GTh50,WHu10
GTh62,JuJ1
GTz3,MOp21
GvS5,OW11
GvS12,H73
GWg16,StW10
GWg23,ArL36
GyM20,AA13
H23,GzB1
H26,MLR8
H27,H26
H29,Und
H31,WaF15
H49,H27
H57,H26
H60,H51
H61,EK3
H61,H27
H69,H27
H69,LO12
H69,LoK50
H83,H27
HBH35,SLa3
HBH45,WAS100
HBH60,ElN11
HBH60,LlB50
HB60,UN
HbR1,SW15
HbR4,C127
HbR4,IH1
HbR17,DPo6
HCP4,RWa10
HCP5,VF33
HCP28,CoB3
HCP28,WR120
HDl10,CC78
HeD124,H42
HeD125,H51
HeM30,WaF10
HFr10,AM15
HFr30,H9
HgS10,GPl10
HH9,W3
HH13,LlB21
HH23,LM10
HH25,DvH10
HH27,C127
HH29,HH25
HHa16,HHa19
HHa56,ICr19
HHo5,HBH31
HIL5,LoK3
HK56,DWG64
HK92,VF44
HKl23,H38
HNe17,Z7310
HKo24,WLa27
HKu10,FM3
HoG10,IGu29
HoK5,GHl7
HoZ18,PS10
HPr20,InB16
HSu10,NJ13
HtB10,ILa32
HWo1,WTh3
HWx21,CBa10
HWx45,OP8
HWx45,BVi12
HY118,ME40
IvR21,Z7840
IAv18,ClL16
IB8,DWG57
IB19,H9
IBa23,LBe10
IBe4,ICr28
IBe10,VSh23
IBl15,BW4
IBt20,AA16
IBy15,EG20
ICa9,CNy1
ICa20,JW6
ICa25,ICa8
ICr27,RxI10
ICr28,JuD8
ICr40,IH1
ICr40,HH27
IDu10,C127
IDu22,RoS15
IF15,EJL10
IF77,ArR10
IF86,MhR1
IF100,RyB18
IF108,VF33
IFa8,MLR12
IFa14,GC8
IFa28,WlD39
IFa34,GSt17
IFa39,IFa10
IFa45,BW4
IFr35,JLT40
IFr51,DTa211
IGi20,H32
IGu29,EBS50
IH1,RDR32
IH12,HH27
IH16,EP1
IH18,IH1
IH19,LlB21
IH22,KV56
IH39,RcB14
IHk10,ByH8
IHu16,MiG10
ILa34,StW10
ILb12,ILb10
IMN10,LKa1
IMT22,FZe15
IMT22,BsK42
IMT22,MF8
IMvS6,WLa38
InA1,GPa2
InB15,InB13
InB16,JR70
InB22,VSh23
InB27,InB6
IPC25,WaF15
IPq10,xx
IRa4,AC20
IrC10,TG16
IrC67,MaN40
IrC81,WLa38
IrP21,BVi12
IrR6,WlJ12
IrR16,JdL10
ISt11,IB21
ISt29,AkK15
ISt31,GSt8
IS2,KRz4
IS25,AdL10
ISt24,C119
ISt24,IF98
IvR6,GM210
IvR6,GM238
IvR12,IvR6
IvR23,Z9060
IvY10,IPa10
IWk3,JD10
JaH16,H9
JaH22,LuH10
JaS20,HKo13
JaS44,BW4
JaS46,HaB9
JAv15,FrP2
JbB10,SRo32
JBC14,JLM8
JBH10,EDm34
JBH10,StK7
JC10,JC1
JC10,ML2
JCa9,TYg18
JCh10,PY4
JCn6,ElN15
JCw61,WmH10
JD8,HHa28
JD25,JD16
JDB15,RWi29
JeC14,HGC17
JDB10,JaS46
JDr10,CTB10
JDr10,UN
JFe20,WLa29
JfB10,H51
JFr8,PeB4
JfW5,H27
JGl10,MiW22
JGs6,KV51
JHi7,REn53
JHL12,FL20
JHo24,NT50
JHr10,VM10
JHr10,VM13
JHr10,ChW4
JHr10,RdR56
JHr10,NT70
JHr10,JqA10
JHr10,RZL20
JHr10,ChW12
JHr10,RRw5
JHr10,ChR13
JHr10,RZL37
JHr10,VM4
JHr10,VF39
JHr10,StD4
JHr10,StD7
JHr10,GSy10
JHr10,BBe17
JHr10,VF43
JHr10,RTh27
JHr10,RM16
JHr10,LeK10
JHr10,VM3
JiA1,JaS46
JiA1,HaB9
JiS10,EGU1
JKp32,AdL10
JKp35,SaP4
JKt10,CDM80
JlC11,StK15
JLG20,CDM15
JLM5,BDn2
JLM17,CDM59
JLo4,FL16
JLT21,HCP28
JLT25,C127
JLT29,C171
JLT50,CoB6
JMB1,JLG1
JTh10,JSg5
JTM10,AkK15
JTM10,ISt29
JMu1,MxN10
JmF10,NR11
JmF10,MCh1
JN2,AEG41
JN16,JR15
JN20,DaB30
JN20,WAS100
JN21,JN20
JN23,ASa31
JN25,CBw36
JN31,JN21
JnD33,WlD36
JNi24,GWg16
JnL10,StD61
JnL13,FC29
JNm40,WvD43
JNs109,FC34
JNs410,RVL25
JlC10,RdR32
JLG16,NR10
JLp1,JR70
JoA13,DaV1
JoA15,xx
JoD5,RCoxx
JoD5,RCo37
JoF1,LMa8
JoF1,MS21
JoL7,MAl2
JoS1,JCT1
JoS13,ArH208
JoW15,JoW10
JPM10,IH14
JqD1,S9
JqD7,BrW16
JqR55,JqR50
JqT3,RoS15
JqT14,H31
JR35,Z3210
JRu5,JRu2
JRu5,GyM20
JSb3,WWn35
JSg20,LlB95
JSo10,H42
JSv15,RBe3
JSz4,RWB25
JTl9,IF83
JuD3,JuD2
JuD8,HH12
JuD12,JuD9
JuD16,CBw29
JuJ10,MAl13
JW2,PW4
JW11,HPo10
JW16,AK50
JWH10,HBn10
JWR9,HHu1
JZu10,FC35
KaA10,H38
KBi5,GrR3
KBr18,LOl2
KCo25,MP4
KeA19,GCt50
KeA23,ELu30
KeA34,KeA31
KeA34,BE12
KeA36,W66
KeA38,RDL12
KeC1,DeD50
KFr10,RW30
KKo36,GLC12
KKw10,WLa42
KrD10,IHk10
KuN12,StW7
KuN42,FBu8
KuN46,KuN45
KV40,HK25
EAB8,RM8
KV60,KV56
KV67,FB27
LaK1,BW4
LaK2,JSy10
LaK15,PS3
LaK18,ISt24
LaK18,IF98
LaK18,HHa54
LaK18,IF112
LAl4,GC26
LAl4,LAl2
LB12,WW45
LB26,JR81
LB30,PeB4
LBn10,RCo4
LBu1,NML4
LeJ10,VF44
LeK10,W70
LeN8,CSe10
LgC30,PLS10
LiA20,JVi10
LiB1,FLl10
LlB21,MlW5
LlB50,BBe1
LlB64,C115
LlB100,WAS80
LiW8,RC10
LM9,GP11
LM11,RaW24
LM32,RcF10
LM38,FLl13
LMa4,LMa3
LMa4,FF7
LMC16,TG8
LMC19,LMC18
LMC23,LMC16
LMf10,RoS85
LoK30,VF23
LPh4,IH15
LRF10,ADw27
LRF20,REn50
LSh1,C91
LuB20,xEn10
LuM13,GC33
LuM16,BE8
LuV50,JR70
MA6,H69
MaB10,FM3
MAD10,UN
MB2,MBa27
MB2,RWa80
MB4,JW2
MB4,WA4
MB15,C112
MBe10,CAL15
MBo10,MCC12
MBr25,ML2
MC11,TG30
MCC12,CGl50
MCi10,WW68
MCJ10,WW60
MCJ12,CBm10
MCJ18,FZ19
McR50,H3
MCy5,MCy2
MdO115,JR35
MDy10,JqD4
ME180,H9
MFi16,HbR1
MHo10,FkS10
MiC20,BFo12
MiG19,GaK5
MiJ12,HaR18
MiJ15,RDo36
MiT3,ThB70
MiW22,PhK50
MiW30,HH28
MiW43,LAr4
MiJ12,H27
MLi10,FkS10
MLR14,RdR10
MLR22,JW1
MLR30,FC25
MLR31,HWx45
MLR32,GC12
MLR35,CDM56
MLR40,WAS83
MLR42,WvD58
MM20,SP25
MM30,GBS92
MMG10,StW10
MN11,AJP3
MN27,EMo20
MNi10,JuD20
MkP1,RoP2
MkP1,CR17
MkP1,MP35
MP18,HY1
MR7,AkK12
MR25,FC25
MRP43,MVP20
MRP43,BdP16
MRs10,H69
MRy21,ClS22
MS26,JLT19
MS30,NNo3
MSa8,LuR10
MSz10,LiW6
MtC15,RM12
MuB5,EP1
MVP43,MVP20
MVP43,BdP16
MxS12,MxS5
NeJ12,GWg16
NeJ15,C160
NF27,RM12
NiM5,H9
NiM5,GPl10
NMe10,DvS3
NML21,LMC13
NNo3,AII3
NNo11,WW67
NoE3,LMC23
NoE5,GC19
NoE8,EL65
NoL45,WR60
NOs8,JG15
NSm10,UN
NSm10,UN
NT40,HuF8
NT55,ICr5
NT70,RdR56
NT110,W74
NT120,GaK4
NuJ3,ElN5
NyA10,LB25
OlA14,LFl30
OlH1,SS6
OlS25,IDa14
OlS23,AJP3
OP8,GaK5
OP10,EL44
OP17,H42
OP24,CDM15
OP28,VF48
OW1,WKH10
OW2,UN
PaH118,H73
PaM10,EG11
PBa3,RCo47
PBm2,Z8220
PBo5,HH21
PCo11,RC19
PCo12,RSi23
PCr8,TFi10
PCz15,S15
PCz30,PCz10
PdB3,ChJ30
PDu3,RSt344
PeG5,GHo10
PeG6,EG11
PGr16,PMa8
Phk40,C109
PhN17,H51
PHt13,DFl10
PHw10,InB17
PHy15,WHl10
PHz10,SeC10
PK5,DS13
PK6,GgL2
PLe10,KrK10
PlL2,AEG25
PLS10,KV24
PM2,FF9
PM10,JR25
PM11,RFl40
PMo15,BW8
PMo17,GC12
PMo24,TFi10
PNe4,IrR20
PnM10,RNe10
PnM10,MF5
PnM10,BLe6
PnM12,MWl10
PS4,TG8
PSc12,IS6
PSc20,JqT2
PSe10,BdP21
PTa50,DWG52
PtF10,PFo10
PtP10,ADv17
PUs4,GC15
PWr8,TTz9
PWr14,H27
QTa1,IH14
QTa1,JlC4
RaK7,FLd18
RAl71,NR1
RAl74,GSt3
RAl90,VM19
RAC20,GgL3
RaT22,WmH10
RaT26,H27
RaT30,GC30
RaW20,CDM15
RaW61,AM15
RaW63,ThI20
RaW64,StR5
RaW65,HH13
RaW65,RaW62
RaW73,StR5
RaW85,VF44
RbC20,H79
RBi10,GRo12
RbR14,EDm34
RBS10,IrC10
RbM1,IH1
RbM1,WvD51
RC10,CC43
RC21,FM6
RcF10,RyB12
RCm10,DHo1
RCo15,RCo14
RCo35,RVL30
RCo45,HB85
RCo47,BiK10
RCu12,AtH10
RCv10,MOp4
RD4,WFr6
RDa5,VrM42
RDa10,IrP3
RDL10,GSy7
RDL12,RDL10
RDL15,GDo23
RDL24,BsK40
RDL24,PS8
RdM8,ChV2
RDo20,IFa25
RdR10,Z2310
RdR14,PlL2
RdR53,HB80
RdR56,RdR53
RdR63,SFr43
RdR76,LlB57
RdR90,RWi24
RDW7,LoK3
RDo32,SaP11
ReC5,GC15
REn32,HH13
REn40,MLR14
REn45,C115
REn50,MLR17
REn60,BVi12
REp18,Z8110
RFu10,WW45
RHa4,SG30
RHf20,HEs10
RHk10,H48
RHn10,JLo4
RHo27,HH23
RHo27,W74
RHo34,Z9080
RHu10,FC27
RiB28,ML30
RiF22,ASj30
RiF39,WmK18
RiF48,IAv10
RiQ23,JuD20
RiQ35,ICr27
RJR10,KeS10
RkM10,RdM10
RlE20,ByH13
RLl13,GgL2
RM3,JSR30
RM5,SoS
RM12,FrN3
RM13,FrN5
RM15,CBw30
RM16,EL64
RMe12,ElN8
RMp13,S13
RMp15,NT40
RMu20,DL3
RMu20,BBa1
RMw3,TFi20
RoA25,RoA23
RoA41,SIC10
RoL10,LM15
RoP4,FM3
RoP6,OW6
RoP9,RoP2
RoP20,H22
RoS13,JMS20
RoS112,RoS68
RoV5,FM3
RoV7,MOp19
RoV12,VSh23
RRo20,RRo1
RrS10,HH34
RRw5,MSa8
RRw7,ESl10
RTh35,ICr27
RTh35,ICr27
RTh42,EL48
RTr10,DDe10
RS3,MP19
RSa5,DHo1
RSpB5,H9
RSt446,NoL45
RSv10,H39
RtB12,OP28
RtB43,RtB10
RTh6,NT23
RuJ8,PlL2
RuM30,LM17
RVL14,FrN4
RVL10,ESP15
RVL34,ChB5
RWa10,GMf40
RWa50,C113
RWB25,FLl12
RWF24,StK6
RWF24,RoP2
RWi1,MhR1
RWi4,IrP1
RWf15,RVL16
RWi28,GC15
RWs10,FWx10
RxI10,ESP16
RyB12,FLl1
RyB17,RxI40
RyB18,Ww12
RyK12,RyK10
RZe3,SS8
RZe20,SS7
RZe20,StK8
RZe20,RHo29
RZe20,JoD15
RZL24,ECa62
RZL25,ECa64
RZL31,EG11
RZL37,EL65
S15,EL44
SaP4,AkK14
SaP40,SaP11
SDr1,EMo17
SeL20,AkK15
ShM15,ShM5
SHo2,HGC17
SHp10,MS26
SKa10,GSc10
SL3,RWa10
SL15,LB14
SL21,WaF15
SL28,JLM20
SL56,RMq10
SLa14,ME100
SLa30,ALH8
SL62,ICs10
SFr50,GF60
SpK10,JT5
SPo8,H61
SPo8,H69
SP37,H27
SP65,C127
SRi10,TiB6
SRm1,JkH10
SRo35,JaS33
SRo37,SK7
SS7,SS04
SS7,FT18
SS20,VF47
SS32,HH37
SSC1,MaB30
SSh10,MiW22
SSo13,WRe20
SSo16,TFi12
SSS45,LuR8
StC10,RCo47
StD61,WlD39
StD72,LlB36
StF5,RoV3
StF10,IH1
StF12,IF120
StH5,FTu25
StH15,BW5
StH23,RaW45
StK3,IH14
StS2,OW10
NOs2,NR11
SuS16,DvS3
SvB10,SvB04
SvB10,SvB05
SvB10,MPr1
SW6,Z2310
SW7,GMf50
SW10,RC9
SW13,LiB1
SW30,HDc6
SWm10,ArH207<d> T:The Out-of-Towners
TaH6,JqT7
TbH3,H73
TB50,TB45
TB67,TB35
TFi10,SLa14
TFi12,KFr1
TFi20,ArL36
TFi24,TFi20
TG22,SW15
TG30,LuV1
TGr10,MiW22
TG11,VF33
TG30,BW4
ThB30,ThB10
ThB70,ThB30
TiB2,LHM3
TiB17,DCh10
TiB17,TiB15
TLo10,MOp19
TNu3,PFo25
TNu10,RoS3
ToH30,WCa10
ToS5,TaH5
ToT10,EuL10
TRs18,TRs12
ToS1,TB55
TSa1,GRo1
TSt1,FZe15
TTz8,KV55
TTz8,IrP1
TTz11,HCP12
TWh45,FTu7
TWh50,WAS95
TYg8,EHG38
UlO17,ALe2
VeZ10,HHa31
VF55,RM3
VF59,CDr9
VGu25,VrM40
VJD5,GMe10
VM8,JR35
VM11,W73
VM13,IgR14
VM22,JqA10
VME10,RoS85
VME14,ByH8
VrM40,WaF10
VrM60,WaF10
VrS20,H3
VrS25,ChB5
VSh23,AK59
VtH10,LoM10
W13,GC7
W75,W30
W77,HBn10
W78,GMf60
WA2,RFl40
WA2,IH29
WA5,KV64
WA6,InB18
WA8,H51
WA9,FF9
WA9,MB4
WA10,InB16
WA16,InB18
WA21,H51
WA25,VM10
WaF40,WaF10
WaB10,ALH8
WAS100,RdR10
WBe1,AlH24
WBe12,LMC16
WBo10,LGt32
WCl19,C94
WCr4,InB21
WCr40,WCr15
WCr43,RWi29
WFr9,HGC6
WFr40,WFr6
WGi5,SS6
WGi10,H79
WGi15,WFr6
WH9,FM3
WHl4,StK9
WhR10,HlH3
WhR10,QTa1
WHu10,AK57
WiB180,WlN12
WiC55,H73
WiD20,CBw48
WiW29,WiW20
WLa23,WAS100
WLa27,RaW27
WLa29,HK50
WLa38,IrC81
WLa38,RdR48
WLa42,ICr38
WLa50,DvH10
WlB14,RVL10
WlC10,TFi9
WlD6,EL51
WlD7,WlD6
WlD15,WlD6
WlD20,EL31
WlD29,RDR32
WlD36,WWo10
WlD39,FM6
WlD43,WlD43
WlD51,C127
WlD61,H33
WlD61,RoS15
WlH10,HB60
WlJ14,NML4
WmK18,AK26
WmK27,LM10
WoR25,IH14
WRe20,ZK4
WRe40,IvR6
WR120,BVi12
WS5,GP13
WSa5,RDa3
WSa10,RS2
WSa10,GgL3
WSt10,WlJ14
WvD58,LuH8
WvD72,HWx10
WW12,IF15
WW46,JdL12
WW68,IH12
WW73,RdM8
WW81,FrN8
WW82,WW41
xAb1,WlN10
xDe10,ChV26
xdH10,xFa10
xFa10,AK59
xGa10,CDr9
xGr10,RVL10
xHu10,ReC5
xTu10,HRo5
xUc10,xGa10
YOz75,YOz20
YvR3,VSh23
Z1120,Z1110
Z1220,Z1210
Z1230,Z1220
Z1610,TFi20
Z2810,MiC5
Z3520,FLl62
Z4338,EGz10
Z5010,GM200
Z6940,RoA28
Z6930,RoA28
Z8210,WR42
Z9110,VM8
Z9360,DaV1
Z9365,JN13
Z9410,GS3
Z9688,JL13
Z9788,CDM80
Z9920,StF5
